Variant_B,1,5.57401
Variant_B,2,2.78271
Variant_B,4,1.41026
Variant_B,8,0.758111
Variant_B,16,0.446833
Variant_B,32,0.316819
Variant_B,64,0.230611
